Description,A,R,N,D,C,Q,E,G,H,I,L,K,M,F,P,S,T,W,Y,V,X
CHOP780207,0.211764706,0.635294118,0.870588235,0.529411765,0.458823529,0.317647059,0.252941176,0.870588235,1,0.417647059,0.4,0.782352941,0.211764706,0.517647059,0.835294118,0.452941176,0.411764706,0,0.470588235,0.094117647,0
EISD860102,0,1,0.13,0.19,0.017,0.19,0.3,0,0.099,0.12,0.1,0.57,0.19,0.11,0.018,0.073,0.15,0.16,0.18,0.048,0
FAUJ880111,0,1,0,0,0,0,0,0,1,0,0,1,0,0,0,0,0,0,0,0,0
JANJ780101,0.140571429,0.905142857,0.509714286,0.515428571,0,0.608,0.602285714,0.102857143,0.402285714,0.083428571,0.138285714,1,0.205714286,0.114285714,0.411428571,0.302857143,0.337142857,0.219428571,0.453714286,0.093714286,0
NAKH920103,0.5453149,0.42703533,0.493087558,0.637480799,0.251920123,0.437788018,0.837173579,0.734254992,0.167434716,0.430107527,1,0.560675883,0,0.294930876,0.622119816,0.989247312,0.892473118,0.012288786,0.279569892,0.829493088,0
